"worker_count","task_count","api_requests_per_second","api_p95_ms","api_p99_ms","api_failure_count","average_queue_wait_ms","p95_queue_wait_ms","p99_queue_wait_ms","p95_runtime_ms","task_processing_utilization","observation_window_ms"
"1","195","25.4045075560997","70","72","0","3571.9456051282","6598.4941","6976.23304","25.3602152","0.841331081944297","14793.83"
"2","195","23.1641361567195","86","800","0","294.212466666667","463.0393","509.0289","25.348449","0.814117293486469","7952.445"
"4","190","25.4588817234956","82","100","0","98.7750736842105","198.21795","278.32034","25.3275699","0.402642946268206","7685.003"
