strategy,task_count,average_wait_time,max_wait_time,p95_wait_time,p99_wait_time,average_turnaround_time,max_ready_queue_length,worker_utilization
default,30.0,41.96666666666667,104.4,99.6,104.4,45.833333333333336,23.0,0.9206349206349206
duration_dominant,30.0,37.3,104.4,99.6,104.4,41.166666666666664,23.0,0.9206349206349206
token_dominant,30.0,48.63333333333333,110.8,110.6,110.8,52.5,23.0,0.9206349206349206
priority_dominant,30.0,46.63333333333334,104.4,99.60000000000001,104.4,50.50000000000001,26.0,0.9206349206349207
